algorithm,label,target,joints,seed,stage2_seed,stage1_budget,stage2_budget,stage1_evaluations,stage2_evaluations,initialization_calls,initialization_seconds,objective_calls,gradient_calls,gd_accepted_steps,search_seconds,feasible_candidates,submitted_designs,best_distance_after_stage1,best_distance,material_at_best_distance,links_at_best_distance
SMS_EMOA,sms_emoa_target_1_N5_seed3407,1,5,3407,3408,50000,20000,50000,20000,100,12.612922600004822,81108,4171,4166,1360.3351516000112,223,100,0.4693903923034668,0.46292364597320557,2.398054838180542,5
NSGA2,nsga2_target_1_N5_seed3407,1,5,3407,3408,50000,20000,50000,20000,100,12.612922600004822,79104,4022,4018,482.47206030000234,223,107,0.4769299328327179,0.4711934030056,2.5842161178588867,5
SMS_EMOA,sms_emoa_target_1_N6_seed3407,1,6,3407,3408,50000,20000,50000,20000,100,7.387887399992906,81111,4021,4016,518.8051647999673,222,102,0.2751545310020447,0.24700811505317688,5.979024410247803,7
NSGA2,nsga2_target_1_N6_seed3407,1,6,3407,3408,50000,20000,50000,20000,100,7.387887399992906,80118,4459,4455,513.607021499949,221,103,0.28668978810310364,0.2659275233745575,4.586113452911377,7
SMS_EMOA,sms_emoa_target_1_N7_seed3407,1,7,3407,3408,50000,20000,50000,20000,100,11.985302400018554,77119,3563,3555,591.0896527000004,223,101,0.21483315527439117,0.2049100399017334,4.943958759307861,9
NSGA2,nsga2_target_1_N7_seed3407,1,7,3407,3408,50000,20000,50000,20000,100,11.985302400018554,77082,3362,3353,648.3839005000191,223,100,0.2541242241859436,0.2525269389152527,5.0104289054870605,9
SMS_EMOA,sms_emoa_target_1_N8_seed3407,1,8,3407,3408,50000,20000,50000,20000,100,8.649550899979658,71499,105,81,427.0059040999622,224,70,0.5164036750793457,0.49278321862220764,3.0884974002838135,11
NSGA2,nsga2_target_1_N8_seed3407,1,8,3407,3408,50000,20000,50000,20000,100,8.649550899979658,72746,560,538,406.6172129000188,223,82,0.46087223291397095,0.44282376766204834,3.353074550628662,9
SMS_EMOA,sms_emoa_target_1_N9_seed3407,1,9,3407,3408,50000,20000,50000,20000,100,9.745535299996845,79407,4234,4227,492.3896889000316,221,76,0.5029732584953308,0.49109095335006714,3.570023536682129,13
NSGA2,nsga2_target_1_N9_seed3407,1,9,3407,3408,50000,20000,50000,20000,100,9.745535299996845,78218,4191,4185,537.4861768999835,224,99,0.5105304718017578,0.5045971274375916,2.3796956539154053,11
SMS_EMOA,sms_emoa_target_1_N10_seed3407,1,10,3407,3408,50000,20000,50000,20000,100,17.3048179000034,77307,2540,2528,489.1925512999878,220,41,0.42151767015457153,0.3603935241699219,5.543557643890381,15
NSGA2,nsga2_target_1_N10_seed3407,1,10,3407,3408,50000,20000,50000,20000,100,17.3048179000034,80987,3720,3718,568.781285300036,220,19,0.4738508462905884,0.46776196360588074,6.495238304138184,15
SMS_EMOA,sms_emoa_target_1_N11_seed3407,1,11,3407,3408,50000,20000,50000,20000,100,16.184640300052706,86875,1615,1602,533.378824400017,218,33,0.5350716710090637,0.4941437244415283,5.797059535980225,17
NSGA2,nsga2_target_1_N11_seed3407,1,11,3407,3408,50000,20000,50000,20000,100,16.184640300052706,78439,690,679,498.40176919999067,214,50,0.4925439953804016,0.4505982995033264,6.404337406158447,17
SMS_EMOA,sms_emoa_target_1_N12_seed3407,1,12,3407,3408,50000,20000,50000,20000,100,27.816507200011984,69294,0,0,1741.9556903999764,100,18,nan,0.2859375476837158,9.115057945251465,17
NSGA2,nsga2_target_1_N12_seed3407,1,12,3407,3408,50000,20000,50000,20000,100,27.816507200011984,69285,0,0,1793.1260015000007,100,13,nan,0.2608362138271332,9.333524703979492,17
SMS_EMOA,sms_emoa_target_2_N5_seed3407,2,5,3407,3408,50000,20000,50000,20000,100,20.425643800001126,82765,3351,3342,1438.6713312000502,222,111,0.579007089138031,0.5716506838798523,3.2178215980529785,5
NSGA2,nsga2_target_2_N5_seed3407,2,5,3407,3408,50000,20000,50000,20000,100,20.425643800001126,90160,2619,2607,1516.3411938000354,223,101,0.7080313563346863,0.6505340337753296,1.5152606964111328,5
SMS_EMOA,sms_emoa_target_2_N6_seed3407,2,6,3407,3408,50000,20000,50000,20000,100,23.12574480002513,100596,3245,3231,1478.9423319000052,223,101,0.5755700469017029,0.574047863483429,3.3724446296691895,7
NSGA2,nsga2_target_2_N6_seed3407,2,6,3407,3408,50000,20000,50000,20000,100,23.12574480002513,85392,2800,2787,2178.5453431999777,222,101,0.5422181487083435,0.5173232555389404,3.452796220779419,7
SMS_EMOA,sms_emoa_target_2_N7_seed3407,2,7,3407,3408,50000,20000,50000,20000,100,51.073397600033786,71501,68,44,2062.4121360999998,219,95,0.7125638723373413,0.7081374526023865,1.4517420530319214,9
NSGA2,nsga2_target_2_N7_seed3407,2,7,3407,3408,50000,20000,50000,20000,100,51.073397600033786,72437,458,435,2038.8728597999434,225,100,0.577431857585907,0.5743818283081055,4.586030960083008,9
SMS_EMOA,sms_emoa_target_2_N8_seed3407,2,8,3407,3408,50000,20000,50000,20000,100,49.98186809994513,79595,2406,2385,1373.5901886000065,224,100,0.7090166807174683,0.7028370499610901,2.497356653213501,11
NSGA2,nsga2_target_2_N8_seed3407,2,8,3407,3408,50000,20000,50000,20000,100,49.98186809994513,81639,3283,3273,497.1025222999742,224,83,0.6944769620895386,0.6886637806892395,8.297048568725586,11
SMS_EMOA,sms_emoa_target_2_N9_seed3407,2,9,3407,3408,50000,20000,50000,20000,100,9.800218899967149,79957,2655,2643,503.5725709000253,222,31,0.6814961433410645,0.6792809963226318,2.073012351989746,9
NSGA2,nsga2_target_2_N9_seed3407,2,9,3407,3408,50000,20000,50000,20000,100,9.800218899967149,74298,1502,1480,531.8192224000231,224,99,0.6809872984886169,0.6655460000038147,1.9257228374481201,9
SMS_EMOA,sms_emoa_target_2_N10_seed3407,2,10,3407,3408,50000,20000,50000,20000,100,28.23295929998858,69601,52,30,618.4587396000279,216,32,1.115033745765686,0.8197434544563293,5.667365550994873,13
NSGA2,nsga2_target_2_N10_seed3407,2,10,3407,3408,50000,20000,50000,20000,100,28.23295929998858,69591,53,29,478.46168720000423,216,32,1.094053864479065,0.9033741354942322,6.086894512176514,13
SMS_EMOA,sms_emoa_target_2_N11_seed3407,2,11,3407,3408,50000,20000,50000,20000,100,16.538044499990065,73428,787,766,524.0653935999726,223,34,0.816230833530426,0.779613196849823,4.349704742431641,17
NSGA2,nsga2_target_2_N11_seed3407,2,11,3407,3408,50000,20000,50000,20000,100,16.538044499990065,76336,832,828,509.6360216999892,208,71,0.7191916108131409,0.6104106307029724,4.28533411026001,17
SMS_EMOA,sms_emoa_target_2_N12_seed3407,2,12,3407,3408,50000,20000,50000,20000,100,29.49624780000886,81122,4421,4419,498.6016358000343,224,19,0.8234559893608093,0.727064847946167,8.899237632751465,17
NSGA2,nsga2_target_2_N12_seed3407,2,12,3407,3408,50000,20000,50000,20000,100,29.49624780000886,76519,2451,2447,494.0199837000109,216,40,0.8234559893608093,0.7349141836166382,9.65869140625,17
SMS_EMOA,sms_emoa_target_3_N5_seed3407,3,5,3407,3408,50000,20000,50000,20000,100,11.346848000015598,74498,719,696,729.5536868000054,223,103,1.01451575756073,1.0111181735992432,1.5532509088516235,5
NSGA2,nsga2_target_3_N5_seed3407,3,5,3407,3408,50000,20000,50000,20000,100,11.346848000015598,83159,3236,3228,899.3891128000105,223,110,0.9409407377243042,0.9406675696372986,4.7460761070251465,5
SMS_EMOA,sms_emoa_target_3_N6_seed3407,3,6,3407,3408,50000,20000,50000,20000,100,14.53039670002181,74263,3089,3078,891.6340487999842,223,104,0.9269524216651917,0.9244154691696167,3.859858989715576,7
NSGA2,nsga2_target_3_N6_seed3407,3,6,3407,3408,50000,20000,50000,20000,100,14.53039670002181,72734,1035,1014,841.5307468000101,222,106,0.9456566572189331,0.9416912794113159,3.567197799682617,7
SMS_EMOA,sms_emoa_target_3_N7_seed3407,3,7,3407,3408,50000,20000,50000,20000,100,17.318777500011493,75671,2539,2524,978.4738172000507,228,98,1.0469883680343628,1.0435199737548828,2.8092024326324463,9
NSGA2,nsga2_target_3_N7_seed3407,3,7,3407,3408,50000,20000,50000,20000,100,17.318777500011493,79720,4085,4078,1058.9244230999611,225,102,1.0306977033615112,1.0293155908584595,2.01308012008667,9
SMS_EMOA,sms_emoa_target_3_N8_seed3407,3,8,3407,3408,50000,20000,50000,20000,100,18.13624510000227,74312,3894,3887,912.7431970000034,222,100,0.9968273043632507,0.9365082383155823,4.963109970092773,11
NSGA2,nsga2_target_3_N8_seed3407,3,8,3407,3408,50000,20000,50000,20000,100,18.13624510000227,74887,3087,3073,1077.864982900035,225,104,1.0468766689300537,1.0453195571899414,5.386324882507324,9
SMS_EMOA,sms_emoa_target_3_N9_seed3407,3,9,3407,3408,50000,20000,50000,20000,100,26.238255200034473,81867,4085,4081,1020.0523896000232,226,100,0.886031985282898,0.8561811447143555,9.165262222290039,11
NSGA2,nsga2_target_3_N9_seed3407,3,9,3407,3408,50000,20000,50000,20000,100,26.238255200034473,72435,4436,4434,937.6275123999803,225,52,0.9552847743034363,0.8562277555465698,10.570798873901367,13
SMS_EMOA,sms_emoa_target_3_N10_seed3407,3,10,3407,3408,50000,20000,50000,20000,100,47.50781969999662,77649,4800,4800,1052.4296201000107,221,58,0.922761857509613,0.9218542575836182,13.579972267150879,11
NSGA2,nsga2_target_3_N10_seed3407,3,10,3407,3408,50000,20000,50000,20000,100,47.50781969999662,80201,4454,4452,1272.3553599999868,225,81,0.9255454540252686,0.922835111618042,11.957257270812988,11
SMS_EMOA,sms_emoa_target_3_N11_seed3407,3,11,3407,3408,50000,20000,50000,20000,100,42.65532520000124,73748,3998,3990,1159.01512180001,224,47,1.054474115371704,1.0434232950210571,1.7397551536560059,15
NSGA2,nsga2_target_3_N11_seed3407,3,11,3407,3408,50000,20000,50000,20000,100,42.65532520000124,74269,3881,3873,1187.388602699968,224,53,1.0387787818908691,0.947501540184021,3.8742167949676514,15
SMS_EMOA,sms_emoa_target_3_N12_seed3407,3,12,3407,3408,50000,20000,50000,20000,100,75.2060956999776,74499,4177,4170,1007.7936904000235,224,20,1.1016618013381958,1.090744972229004,8.79089069366455,19
NSGA2,nsga2_target_3_N12_seed3407,3,12,3407,3408,50000,20000,50000,20000,100,75.2060956999776,71897,1725,1720,1025.090772400028,212,19,1.095415711402893,1.086708664894104,4.957479000091553,19
