target,submission_index,joints,links,seed,algorithm,stage,source_file,distance,material
1,0,7,9,3407,SMS_EMOA,final_HV_GD,,0.41441643238067627,8.648438453674316
1,1,7,9,3407,SMS_EMOA,final_HV_GD,,0.4220997095108032,8.644954681396484
1,2,7,9,3407,SMS_EMOA,final_HV_GD,,0.42495179176330566,8.440210342407227
1,3,7,9,3407,SMS_EMOA,final_HV_GD,,0.4516367018222809,7.733908176422119
1,4,5,5,3407,SMS_EMOA,final_HV_GD,,0.5052946209907532,3.2497081756591797
1,5,5,5,3407,SMS_EMOA,final_HV_GD,,0.5053123235702515,3.2494277954101562
1,6,5,5,3407,SMS_EMOA,final_HV_GD,,0.5053557753562927,3.249297618865967
1,7,5,5,3407,SMS_EMOA,final_HV_GD,,0.5054187178611755,3.249194860458374
1,8,5,5,3407,SMS_EMOA,final_HV_GD,,0.5055246353149414,3.2491276264190674
1,9,5,5,3407,SMS_EMOA,final_HV_GD,,0.5057682991027832,3.249101161956787
1,10,6,7,3407,SMS_EMOA,final_HV_GD,,0.5163833498954773,2.4716267585754395
1,11,6,7,3407,SMS_EMOA,final_HV_GD,,0.5164036750793457,2.4715776443481445
1,12,6,7,3407,SMS_EMOA,final_HV_GD,,0.516426682472229,2.4708614349365234
1,13,6,7,3407,SMS_EMOA,final_HV_GD,,0.516447901725769,2.470787525177002
1,14,6,7,3407,SMS_EMOA,final_HV_GD,,0.5164715051651001,2.470083236694336
1,15,6,7,3407,SMS_EMOA,final_HV_GD,,0.5164951086044312,2.4699907302856445
1,16,6,7,3407,SMS_EMOA,final_HV_GD,,0.5165193676948547,2.4692885875701904
1,17,6,7,3407,SMS_EMOA,final_HV_GD,,0.5165437459945679,2.46917724609375
1,18,6,7,3407,SMS_EMOA,final_HV_GD,,0.5165699124336243,2.468463897705078
1,19,6,7,3407,SMS_EMOA,final_HV_GD,,0.5165955424308777,2.468324661254883
1,20,6,7,3407,SMS_EMOA,final_HV_GD,,0.5166480541229248,2.4670658111572266
1,21,6,7,3407,SMS_EMOA,final_HV_GD,,0.5169607400894165,2.466803789138794
1,22,6,7,3407,SMS_EMOA,GA2,,0.5172646641731262,2.4641172885894775
1,23,6,7,3407,SMS_EMOA,GA2,,0.5177273750305176,2.4375665187835693
1,24,6,7,3407,SMS_EMOA,GA2,,0.5178331136703491,2.436584711074829
1,25,6,7,3407,SMS_EMOA,final_HV_GD,,0.5189860463142395,2.3078713417053223
1,26,6,7,3407,SMS_EMOA,final_HV_GD,,0.5192641615867615,2.293987274169922
1,27,6,7,3407,SMS_EMOA,final_HV_GD,,0.5192819833755493,2.2922513484954834
1,28,6,7,3407,SMS_EMOA,final_HV_GD,,0.5195444822311401,2.289541006088257
1,29,6,7,3407,SMS_EMOA,final_HV_GD,,0.5198088884353638,2.2869839668273926
1,30,6,7,3407,SMS_EMOA,final_HV_GD,,0.520081102848053,2.2844650745391846
1,31,6,7,3407,SMS_EMOA,final_HV_GD,,0.5203433632850647,2.2819948196411133
1,32,6,7,3407,SMS_EMOA,final_HV_GD,,0.5205891132354736,2.279569387435913
1,33,6,7,3407,SMS_EMOA,final_HV_GD,,0.5208145380020142,2.2771859169006348
1,34,6,7,3407,SMS_EMOA,GA2,,0.5242757201194763,2.1942756175994873
1,35,6,7,3407,SMS_EMOA,GA2,,0.5262545943260193,2.18188214302063
1,36,6,7,3407,SMS_EMOA,GA2,,0.530903160572052,2.1556897163391113
1,37,6,7,3407,SMS_EMOA,GA2,,0.534389078617096,2.1535332202911377
1,38,6,7,3407,SMS_EMOA,GA2,,0.5368149876594543,2.119652271270752
1,39,6,7,3407,SMS_EMOA,GA2,,0.5370298027992249,2.1153833866119385
1,40,6,7,3407,SMS_EMOA,GA2,,0.5455273389816284,2.0113489627838135
1,41,6,7,3407,SMS_EMOA,GA2,,0.5458046793937683,2.0085768699645996
1,42,6,7,3407,SMS_EMOA,GA2,,0.5460502505302429,2.0083649158477783
1,43,6,7,3407,SMS_EMOA,GA2,,0.546173632144928,2.0004348754882812
1,44,6,7,3407,SMS_EMOA,GA2,,0.5462679862976074,1.9992908239364624
1,45,6,7,3407,SMS_EMOA,GA2,,0.5481982231140137,1.9988360404968262
1,46,6,7,3407,SMS_EMOA,GA2,,0.5483406186103821,1.9955278635025024
1,47,6,7,3407,SMS_EMOA,GA2,,0.5498518943786621,1.9930917024612427
1,48,6,7,3407,SMS_EMOA,GA2,,0.5499686002731323,1.967939853668213
1,49,6,7,3407,SMS_EMOA,GA2,,0.564733624458313,1.8883693218231201
1,50,6,7,3407,SMS_EMOA,final_HV_GD,,0.5685191750526428,1.8113757371902466
1,51,6,7,3407,SMS_EMOA,GA2,,0.5788549780845642,1.8002989292144775
1,52,6,7,3407,SMS_EMOA,GA2,,0.5844479203224182,1.7940868139266968
1,53,6,7,3407,SMS_EMOA,GA2,,0.5857827663421631,1.764850378036499
1,54,6,7,3407,SMS_EMOA,GA2,,0.5861531496047974,1.7617985010147095
1,55,6,7,3407,SMS_EMOA,GA2,,0.5920058488845825,1.7590054273605347
1,56,6,7,3407,SMS_EMOA,GA2,,0.5999122262001038,1.7431583404541016
1,57,6,7,3407,SMS_EMOA,GA2,,0.6062415838241577,1.7412477731704712
1,58,6,7,3407,SMS_EMOA,GA2,,0.6368740200996399,1.7340210676193237
1,59,6,7,3407,SMS_EMOA,GA2,,0.6408125162124634,1.7325680255889893
1,60,6,7,3407,SMS_EMOA,GA2,,0.6452098488807678,1.727889895439148
1,61,6,7,3407,SMS_EMOA,GA2,,0.6476814150810242,1.725424885749817
1,62,6,7,3407,SMS_EMOA,GA2,,0.6531526446342468,1.7253690958023071
1,63,6,7,3407,SMS_EMOA,GA2,,0.6567093133926392,1.6857984066009521
1,64,6,7,3407,SMS_EMOA,GA2,,0.6608465313911438,1.685427188873291
1,65,6,7,3407,SMS_EMOA,final_HV_GD,,0.6617023944854736,1.6830726861953735
1,66,6,7,3407,SMS_EMOA,final_HV_GD,,0.6626291275024414,1.6807447671890259
1,67,6,7,3407,SMS_EMOA,final_HV_GD,,0.6636455655097961,1.6784231662750244
1,68,6,7,3407,SMS_EMOA,final_HV_GD,,0.6647145748138428,1.676106572151184
1,69,6,7,3407,SMS_EMOA,final_HV_GD,,0.6658311486244202,1.6737947463989258
1,70,6,7,3407,SMS_EMOA,final_HV_GD,,0.6669979095458984,1.671487808227539
1,71,6,7,3407,SMS_EMOA,final_HV_GD,,0.6682112812995911,1.6691854000091553
1,72,6,7,3407,SMS_EMOA,final_HV_GD,,0.6694693565368652,1.6668881177902222
1,73,6,7,3407,SMS_EMOA,final_HV_GD,,0.6707688570022583,1.6645957231521606
1,74,6,7,3407,SMS_EMOA,final_HV_GD,,0.67210853099823,1.6623082160949707
1,75,6,7,3407,SMS_EMOA,final_HV_GD,,0.6734868288040161,1.660025715827942
1,76,6,7,3407,SMS_EMOA,final_HV_GD,,0.6749014854431152,1.6577484607696533
1,77,6,7,3407,SMS_EMOA,final_HV_GD,,0.6763513684272766,1.6554762125015259
1,78,6,7,3407,SMS_EMOA,final_HV_GD,,0.6778351068496704,1.6532092094421387
1,79,6,7,3407,SMS_EMOA,final_HV_GD,,0.679351806640625,1.6509475708007812
