label,algorithm,target,joints,seed,population,stage,seconds,ga_evaluations,archive_size,archive_hv,submitted_hv,unusable_request_fraction,evaluation_requests,objective_calls,cache_hits,structural_rejects,simulation_invalid,finite_simulations,feasible_requests,gradient_calls
sms_emoa_p60_target_1_N5_seed3407,SMS_EMOA_P60,1,5,3407,60,initial,3.0800001695752144e-05,0,0,0.0,0.0,0.0,0,0,0,0,0,0,0,0
sms_emoa_p60_target_1_N5_seed3407,SMS_EMOA_P60,1,5,3407,60,GA1,39.910366699972656,4800,26,2.010150882252262,2.010150882252262,0.4404166666666667,4800,4728,60,12,2102,2686,1197,0
sms_emoa_p60_target_1_N5_seed3407,SMS_EMOA_P60,1,5,3407,60,GD,17.222341199987568,0,94,2.0810832620017905,2.0810832620017905,0.002570694087403599,389,381,8,0,1,388,388,320
sms_emoa_p60_target_1_N5_seed3407,SMS_EMOA_P60,1,5,3407,60,GA2,21.379687600012403,2400,91,2.115751293212405,2.115751293212405,0.2776898734177215,2528,2340,188,0,702,1826,1596,0
sms_emoa_p60_target_1_N5_seed3407,SMS_EMOA_P60,1,5,3407,60,final_HV_GD,1.7823495999909937,0,109,2.1242608686685145,2.1242608686685145,0.35514018691588783,107,103,4,0,38,69,69,55
sms_emoa_p100_target_1_N5_seed3407,SMS_EMOA_P100,1,5,3407,100,initial,3.3299962524324656e-05,0,0,0.0,0.0,0.0,0,0,0,0,0,0,0,0
sms_emoa_p100_target_1_N5_seed3407,SMS_EMOA_P100,1,5,3407,100,GA1,43.67400189995533,4800,14,3.1881706971514774,3.1881706971514774,0.53625,4800,4688,100,12,2562,2226,467,0
sms_emoa_p100_target_1_N5_seed3407,SMS_EMOA_P100,1,5,3407,100,GD,9.478979900013655,0,70,3.417081841940359,3.417081841940359,0.0,665,657,8,0,0,665,665,320
sms_emoa_p100_target_1_N5_seed3407,SMS_EMOA_P100,1,5,3407,100,GA2,22.934133899980225,2400,55,3.5065947948301073,3.5065947948301073,0.2963957055214724,2608,2296,309,3,770,1835,1164,0
sms_emoa_p100_target_1_N5_seed3407,SMS_EMOA_P100,1,5,3407,100,final_HV_GD,1.7363083999953233,0,76,3.528932162273186,3.528932162273186,0.0,100,96,4,0,0,100,100,60
sms_emoa_p60_target_1_N6_seed3407,SMS_EMOA_P60,1,6,3407,60,initial,3.579998156055808e-05,0,0,0.0,0.0,0.0,0,0,0,0,0,0,0,0
sms_emoa_p60_target_1_N6_seed3407,SMS_EMOA_P60,1,6,3407,60,GA1,38.55853029998252,4800,13,1.803822936307057,1.803822936307057,0.509375,4800,4721,60,19,2426,2355,1205,0
sms_emoa_p60_target_1_N6_seed3407,SMS_EMOA_P60,1,6,3407,60,GD,7.41970189998392,0,170,1.8378816672251048,1.8378816672251048,0.0,409,401,8,0,0,409,409,320
sms_emoa_p60_target_1_N6_seed3407,SMS_EMOA_P60,1,6,3407,60,GA2,22.979779299988877,2400,32,1.8970674276948785,1.8970674276948785,0.24525316455696203,2528,2340,188,0,620,1908,1711,0
sms_emoa_p60_target_1_N6_seed3407,SMS_EMOA_P60,1,6,3407,60,final_HV_GD,1.5035502000246197,0,89,1.90930271912152,1.90930271912152,0.0,78,74,4,0,0,78,78,60
sms_emoa_p100_target_1_N6_seed3407,SMS_EMOA_P100,1,6,3407,100,initial,3.539997851476073e-05,0,0,0.0,0.0,0.0,0,0,0,0,0,0,0,0
sms_emoa_p100_target_1_N6_seed3407,SMS_EMOA_P100,1,6,3407,100,GA1,45.706356600043364,4800,14,2.068238237066936,2.068238237066936,0.5645833333333333,4800,4684,101,15,2695,2090,951,0
sms_emoa_p100_target_1_N6_seed3407,SMS_EMOA_P100,1,6,3407,100,GD,8.258069300034549,0,24,2.551351855046555,2.551351855046555,0.0,502,494,8,0,0,502,502,320
sms_emoa_p100_target_1_N6_seed3407,SMS_EMOA_P100,1,6,3407,100,GA2,22.99269159999676,2400,24,2.6740743421286552,2.6740743421286552,0.4773773006134969,2608,2293,308,7,1238,1363,1042,0
sms_emoa_p100_target_1_N6_seed3407,SMS_EMOA_P100,1,6,3407,100,final_HV_GD,1.5110396000090986,0,31,2.7617667712639573,2.7617667712639573,0.038461538461538464,78,74,4,0,3,75,75,60
